site_name,avgT_c,avgp_mm
Central,9.759660443967942,906.5258064516129
East,10.241863791234133,946.9290322580645
West,9.451943428255447,879.6612903225806
